USE worker;
CREATE TABLE workers(
worker_id INT NOT NULL PRIMARY KEY,
first_name VARCHAR(255),
last_name VARCHAR(255),
salary INT,
joining_date DATETIME,
department varchar(25));
SHOW tables;
INSERT INTO WORKERS VALUES(1001,"MONIKA","ARORA",100000,"14-02-20 09.00.00","HR"),
(1002,"NIHARIKA","VERMA",1340000,"14-02-20 09.00.00","HR"),
(1003,"VISHAL","SINGHAL",104000,"14-02-20 09.00.00","ADMIN"),
(1004,"AMITABH","SINGH",100200,"14-02-20 09.00.00","ANALYST"),
(1005,"VIVEK","BHATI",123000,"14-02-20 09.00.00","MANAGER"),
(1006,"VIPUL","DIWASN",1560000,"14-02-20 09.00.00","ANALYST"),
(1007,"SATISH","KUMAR",10300,"14-02-20 09.00.00","HR"),
(1008,"GEETIKA","CHAUHAN",120000,"14-02-20 09.00.00","MANAGER"),
(1009,"SHREYA","PANDYA",100500,"14-02-20 09.00.00","ADMIN"),
(1010,"LAVANYA","PANDYAN",120000,"14-02-20 09.00.00","ADMIN");
INSERT INTO WORKERS VALUES(1011,"MEHAK","MEHTA",120000,"14-02-20 09.00.00","ADMIN");
SELECT * FROM WORKERS;
CREATE TABLE BONUS(
WORKER_REF_ID INT,
BONUS_AMT INT,
BONUS_DATE DATETIME,
FOREIGN KEY(WORKER_REF_ID)
REFERENCES WORKERS(WORKER_ID) ON DELETE CASCADE);
#This clause specifies what should happen if a row in the referenced table (WORKER) is deleted. 
#The ON DELETE CASCADE action means that if a row in the WORKER table is deleted, all rows in the current table
# that reference the deleted WORKER row will also be deleted automatically. 
#This helps maintain referential integrity by ensuring that there are no orphaned records in the current table.
SHOW TABLES;
INSERT INTO BONUS VALUES
(1001,2000,"15-02-21 10:00:00"),
(1002,2300,"15-02-21 10:00:00"),
(1003,4000,"15-02-21 10:00:00"),
(1004,5000,"15-02-21 10:00:00"),
(1005,1000,"15-02-21 10:00:00"),
(1006,34000,"15-02-21 10:00:00"),
(1007,4500,"15-02-21 10:00:00"),
(1008,2800,"15-02-21 10:00:00"),
(1009,1300,"15-02-21 10:00:00"),
(1010,2020,"15-02-21 10:00:00");
INSERT INTO  BONUS VALUES(1011,2300,"15-02-21 10:00:00");
SELECT * FROM BONUS;

CREATE TABLE TITLE(
WORKER_REF_ID INT,
WORKER_TITLE VARCHAR(5),
AFFECTED_FROM DATETIME,
FOREIGN KEY (WORKER_REF_ID)
REFERENCES WORKERS(WORKER_ID)
ON DELETE CASCADE);
ALTER TABLE TITLE
MODIFY WORKER_TITLE VARCHAR(245);
INSERT INTO TITLE VALUES
(1001,"MANAGER","2015-02-21 10:00:00"),
(1002,"EXECUTIVE","2015-02-21 10:00:00"),
(1003,"EXECUTIVE","2015-02-21 10:00:00"),
(1004,"MANAGER","2015-02-21 10:00:00"),
(1005,"ASST MANAGER","2015-02-21 10:00:00"),
(1006,"HR","2015-02-21 10:00:00"),
(1007,"CFO","2015-02-21 10:00:00"),
(1008,"FINANCE ANALYST","2015-02-21 10:00:00"),
(1009,"QUANT","2015-02-21 10:00:00"),
(1010,"ASST MANAGER","2015-02-21 10:00:00");

INSERT INTO TITLE VALUES(1011,"MANAGER",NULL);

SELECT * FROM TITLE;


